total_trips,total_revenue,avg_fare,avg_distance_miles,avg_passengers
3066766,82865192.2197824,27.02038310708492,3.8473420306601414,1.3625321074328978
